Month,Company,Cost Center,Sales,COGS,Operating Expenses,Taxes,Depreciation,Assets,Liabilities,Current Assets,Current Liabilities
Jan,Alpha Corp,Sales,201958,102858.95,35850.62,12357.33,7655.32,4234489,1680238.27,1107813.13,940686.18
Jan,Alpha Corp,Marketing,96023,46108.1,15215.97,5653.83,4624.14,2791743,1808109.95,1042705.69,874213.84
Jan,Alpha Corp,Operations,210608,95817.15,44223.29,6711.37,10364.58,3500942,1704332.07,1425006.6,613392.75
Jan,Alpha Corp,IT,136886,74828.21,30116.9,8815.13,5531.46,3305416,1221402.37,1453646.29,720248.29
Jan,Alpha Corp,HR,234969,86829.13,59361.38,11185.96,5559.64,2256508,1353811.1,642366.75,564969.99
Jan,Alpha Corp,Finance,99457,43266.9,18020.74,5242.18,2082.57,4095505,2385794.86,1793420.77,1356200.8
Jan,Beta Holdings,Sales,243678,130215.39,39786.25,9220.61,5204.19,2579879,1556596.19,1030568.84,719003.67
Jan,Beta Holdings,Marketing,166807,70284.24,32050.33,8625.23,4041.35,3886222,1552856.9,983708.81,663101.65
Jan,Beta Holdings,Operations,213767,75054.54,58212.86,12457.12,8950.47,4109818,1529729.31,1322100.28,512093.28
Jan,Beta Holdings,IT,102662,53385.03,22320.53,3471.66,3195.31,2489570,1312972.67,759180.33,614960.98
Jan,Beta Holdings,HR,193252,105195.26,53595.94,11376.59,5233.18,2897421,1443317.47,1027270.67,618118.47
Jan,Beta Holdings,Finance,202409,88628.28,36485.82,13324.69,6934.76,2874371,1788634.68,861904.42,756797.94
Jan,Gamma Ltd,Sales,244899,131895.43,58734.08,14153.06,11366.75,3419945,2026098.93,1288227.45,1137529.29
Jan,Gamma Ltd,Marketing,175259,68997.38,37238.42,11449.88,5210.51,2075766,1284540.86,650961.66,427772.11
Jan,Gamma Ltd,Operations,208376,99924.22,31272.67,9189.96,6072.79,4548421,2288875.48,1516817.44,839175.78
Jan,Gamma Ltd,IT,93545,39057.19,27262.42,4015.71,3326.81,4215603,1935336.46,1873230.24,1139398.74
Jan,Gamma Ltd,HR,132733,64941.06,34091.22,4768.23,6627.65,2770746,1476445.48,971245.68,465735.32
Jan,Gamma Ltd,Finance,170084,71267.62,41696.55,9733.6,6110.78,4222809,2726647.23,1260132.89,1367797.13
Jan,Delta Group,Sales,178506,75674.21,33259.95,11089.79,6088.66,2106081,1137407.82,752197.23,372031.23
Jan,Delta Group,Marketing,236256,89811.18,53448.15,13663.28,10808.89,4209699,1494343.58,1483576.28,549841.83
Jan,Delta Group,Operations,213983,79010.08,62285.85,9822.44,7603.36,3056731,1744063.22,891997.89,806514.82
Jan,Delta Group,IT,110306,43649.19,19440.69,7642.74,3915.76,2373616,1002984.94,637602.04,570863.65
Jan,Delta Group,HR,197796,104144.99,35268.23,8140.27,8111.76,4688130,2845213.38,1551309.84,1611332.62
Jan,Delta Group,Finance,240371,88174.81,41883.28,15850.58,9180.46,3752290,1732375.37,1643603.16,1025737.99
Jan,Epsilon Inc,Sales,101357,46598.55,25722.81,5683.94,2709.08,3138848,1115617.55,1094763.46,394534.59
Jan,Epsilon Inc,Marketing,138871,66647.88,38520.53,7819.06,5145.07,2107450,970090.3,638642.65,362034.69
Jan,Epsilon Inc,Operations,127333,54577.41,36137.99,7034.58,5582.83,4937629,2683754.47,1894987.02,1500890.41
Jan,Epsilon Inc,IT,173179,85635.36,33270.43,5363.81,6817.05,3515536,2279351.04,1209305.37,874970.16
Jan,Epsilon Inc,HR,123525,52378.52,18815.14,8292.57,4057.24,2115294,1351854.77,889696.66,524972.07
Jan,Epsilon Inc,Finance,195668,75954.84,37229.99,9668.19,6101.05,2688105,1695781.45,1046226.49,798744.18
Feb,Alpha Corp,Sales,116631,45694.13,29236.07,5172.1,3221.92,3583593,2197501.95,1426820.9,1118758.62
Feb,Alpha Corp,Marketing,210858,103696.21,49113.68,8826.6,6872.58,3492785,2131023.91,1511146.83,966212.03
Feb,Alpha Corp,Operations,190627,97154.77,47179.15,11071.36,8363.53,3532875,2176198.52,902732.07,1030777.03
Feb,Alpha Corp,IT,222038,107556.37,44235.05,8038.15,10980.94,2284821,1204671.82,585142.77,374899.24
Feb,Alpha Corp,HR,207813,85339.05,47913.86,8949.68,9317.52,2251451,933780.99,843344.23,304043.05
Feb,Alpha Corp,Finance,243165,111400.46,59724.85,14357.35,11982.09,4900603,2765795.12,1265401.87,1160655.61
Feb,Beta Holdings,Sales,108251,53996.52,20311.04,4045.7,2427.66,4491518,2509825.5,1490243.4,883429.2
Feb,Beta Holdings,Marketing,96896,42486.03,18019.57,3270.72,2469.49,2187628,949387.17,964685.0,494981.11
Feb,Beta Holdings,Operations,220734,96490.46,57281.77,7043.32,8162.99,3904050,2254018.23,987251.08,754694.42
Feb,Beta Holdings,IT,158832,65483.68,47161.44,5878.88,3258.41,4873817,2424649.69,1679977.2,853381.07
Feb,Beta Holdings,HR,139101,66762.18,21867.91,9454.11,6482.16,2650419,1225510.77,994362.95,552632.9
Feb,Beta Holdings,Finance,121975,58760.08,21277.34,4003.55,4790.27,2618992,1598003.32,988095.19,863376.89
Feb,Gamma Ltd,Sales,91938,44006.83,20110.33,4764.66,4435.45,3548098,2115120.75,1349330.86,765684.94
Feb,Gamma Ltd,Marketing,231836,84358.69,38280.0,7124.06,5293.58,3673250,1656511.83,1400039.13,688477.77
Feb,Gamma Ltd,Operations,226377,80285.6,61613.09,9343.53,5330.03,3924596,1783732.73,1716342.12,556089.2
Feb,Gamma Ltd,IT,244568,124899.94,47031.69,9072.88,10398.65,2833727,1481408.36,1123089.75,501170.7
Feb,Gamma Ltd,HR,150640,76115.77,30296.8,10127.57,6892.14,3215856,1781434.47,1279852.01,661750.97
Feb,Gamma Ltd,Finance,191888,87667.01,43075.82,8747.16,5551.14,3612818,1686320.75,911035.39,963925.55
Feb,Delta Group,Sales,248011,104407.93,72796.22,14154.19,8550.34,2005486,752027.82,538153.78,361524.05
Feb,Delta Group,Marketing,222202,87224.41,64867.25,13610.28,5200.4,3138356,1563924.68,820716.98,727003.94
Feb,Delta Group,Operations,89348,44442.33,20718.67,5203.03,4383.37,4276360,2473674.08,1597834.6,817145.59
Feb,Delta Group,IT,81542,35488.57,14953.7,3740.01,3812.65,2517313,942493.65,672040.87,561718.56
Feb,Delta Group,HR,93807,49026.14,26458.64,3702.32,4430.58,2394540,1379287.26,778828.73,448337.62
Feb,Delta Group,Finance,106790,46437.03,30536.94,3678.69,3714.02,4626188,2181528.11,1685295.33,1139395.02
Feb,Epsilon Inc,Sales,224188,115357.74,58654.7,12832.87,6081.14,2755195,1200476.0,1167430.74,440669.23
Feb,Epsilon Inc,Marketing,194821,99440.9,57800.49,10177.49,5782.4,3855567,1959824.54,1729580.21,631335.86
Feb,Epsilon Inc,Operations,171362,83810.11,27643.29,6280.18,4541.83,4356366,2118772.27,1635866.04,1007040.37
Feb,Epsilon Inc,IT,230159,114485.72,66121.95,15730.93,5002.72,4485195,1713464.78,1422398.92,601261.6
Feb,Epsilon Inc,HR,141529,60525.4,26099.25,5751.39,4360.56,2791267,1802776.7,1087567.9,830771.62
Feb,Epsilon Inc,Finance,158752,68619.18,38166.72,6483.16,3809.34,2122402,1266567.11,933771.95,655721.87
Mar,Alpha Corp,Sales,130990,69927.09,21274.38,8523.06,4787.37,2525303,1169061.27,1040704.3,696974.27
Mar,Alpha Corp,Marketing,192816,82013.86,50602.0,8815.47,8652.6,3881548,1432499.06,998972.17,487272.63
Mar,Alpha Corp,Operations,80404,29047.96,22489.67,5026.54,4019.52,4332517,2703272.79,1590163.31,1399852.65
Mar,Alpha Corp,IT,84809,44094.7,15867.95,4072.68,2024.8,3364652,1789498.21,995023.69,897451.61
Mar,Alpha Corp,HR,188319,67677.95,35837.27,5816.68,6580.8,4683317,2724264.51,1658047.36,1513749.7
Mar,Alpha Corp,Finance,195765,106416.83,31960.84,12073.36,7380.08,4378494,1570280.33,1755896.29,763302.07
Mar,Beta Holdings,Sales,248513,126992.36,70943.67,13591.31,12279.99,4860337,2561277.58,1596371.9,1104531.69
Mar,Beta Holdings,Marketing,155745,65358.56,35369.44,9554.35,4967.69,2070390,1049854.77,806475.65,565810.34
Mar,Beta Holdings,Operations,135479,70234.79,35947.68,4423.31,2895.98,4957061,2467552.73,1565193.61,1209150.82
Mar,Beta Holdings,IT,223087,93320.11,51441.52,10798.47,8375.35,2666997,1491652.15,762797.03,759177.02
Mar,Beta Holdings,HR,181570,82259.78,53738.65,9818.84,4850.73,4154260,1664531.05,1270032.34,587751.15
Mar,Beta Holdings,Finance,159252,73215.0,36654.0,7045.25,7457.22,4094157,1838398.72,1286861.32,602419.68
Mar,Gamma Ltd,Sales,102574,48782.15,16644.05,6661.48,4885.21,4281020,1501689.81,1813697.88,488582.44
Mar,Gamma Ltd,Marketing,130428,71376.91,30062.17,8733.68,3532.45,2815131,1296857.92,964201.91,679866.46
Mar,Gamma Ltd,Operations,84621,32117.72,14382.82,4864.58,3836.14,4546026,2316809.62,1233947.85,1006013.67
Mar,Gamma Ltd,IT,185186,79524.94,30690.95,11017.86,4716.41,4098214,1830359.7,1197865.34,728939.3
Mar,Gamma Ltd,HR,127915,50736.63,25767.07,6262.56,3921.0,3655016,1825799.86,977293.01,841934.67
Mar,Gamma Ltd,Finance,92910,46370.26,19952.32,3261.44,2649.17,3002163,1632501.7,1093254.65,664149.06
Mar,Delta Group,Sales,97260,40466.94,28210.63,2947.11,2602.68,2525893,1070441.42,712646.04,381045.15
Mar,Delta Group,Marketing,156125,60057.34,44419.88,5184.81,5579.18,3033255,1695857.8,1363299.82,964914.39
Mar,Delta Group,Operations,121427,66043.43,33978.44,7611.39,3368.03,3030117,1668361.11,1320752.85,779172.8
Mar,Delta Group,IT,159239,70912.93,43916.11,6083.42,7809.05,2064323,985984.52,725655.11,367499.03
Mar,Delta Group,HR,207534,101991.76,55031.15,6950.65,7301.69,3605118,1782161.35,1285289.05,562355.78
Mar,Delta Group,Finance,145545,66910.04,33815.68,5540.78,5899.98,2656702,1473010.59,1068115.28,705117.83
Mar,Epsilon Inc,Sales,159767,75285.47,43000.24,5474.89,7272.89,2786667,1316854.78,1216624.29,786529.5
Mar,Epsilon Inc,Marketing,164555,70075.04,47551.03,9686.34,3528.53,3135964,1229083.74,1282776.93,443070.18
Mar,Epsilon Inc,Operations,168861,86967.9,30050.63,6657.8,6587.73,4746941,2172433.49,2019539.09,907498.32
Mar,Epsilon Inc,IT,123303,54301.37,31697.18,8136.36,4774.67,4315286,2078342.73,1577225.18,845072.31
Mar,Epsilon Inc,HR,91246,38941.81,21126.45,6045.86,3533.7,4951090,2373841.9,1567332.68,1232415.02
Mar,Epsilon Inc,Finance,160910,84594.54,36094.29,9599.64,5984.97,4672796,1848102.33,1459521.73,692200.71
Apr,Alpha Corp,Sales,82336,29369.79,19388.77,4981.19,3812.4,3223520,1227757.57,1151751.67,507857.58
Apr,Alpha Corp,Marketing,208876,78432.46,43778.97,12927.71,5116.94,4460491,2594063.64,1126009.09,1243938.63
Apr,Alpha Corp,Operations,155683,71387.64,29232.57,6823.25,3961.81,3062729,1386672.84,904945.14,592218.93
Apr,Alpha Corp,IT,195033,105211.85,33741.24,10424.36,6860.61,2541656,1084790.62,1004511.04,518409.37
Apr,Alpha Corp,HR,117219,62565.65,31474.79,3624.52,4634.96,2500315,1155972.16,659543.86,373605.95
Apr,Alpha Corp,Finance,214869,114339.8,36188.58,8473.63,5364.34,4745525,2853233.79,1501623.07,1122557.13
Apr,Beta Holdings,Sales,199719,94183.26,41321.03,11937.2,5226.13,4922808,1729823.57,1559052.48,725575.55
Apr,Beta Holdings,Marketing,219649,97335.26,48789.65,14658.98,8261.45,4663354,2265139.59,1297211.73,799404.22
Apr,Beta Holdings,Operations,147526,56517.6,22878.61,6263.8,6404.82,3045482,1643583.55,769346.29,820248.8
Apr,Beta Holdings,IT,150480,81592.37,25927.62,7010.11,3394.9,3038896,1336745.85,948097.22,560357.76
Apr,Beta Holdings,HR,213554,83709.14,60800.56,8158.96,5492.74,3790380,1756150.46,1581774.71,836342.21
Apr,Beta Holdings,Finance,244608,123552.85,53322.91,12469.04,8126.58,3599601,1796573.76,1450895.7,594476.28
Apr,Gamma Ltd,Sales,132487,69205.53,38675.25,5952.96,3725.84,3910637,1986500.12,1603947.59,1179344.26
Apr,Gamma Ltd,Marketing,106399,52475.4,26476.18,3307.29,2836.51,4602967,1881849.09,1616108.97,900492.44
Apr,Gamma Ltd,Operations,242552,123697.45,42878.75,13609.55,6584.19,4694946,1985735.19,1851937.35,1105476.53
Apr,Gamma Ltd,IT,164458,89223.38,47966.06,5861.82,5294.19,2047057,724454.65,546772.42,262517.65
Apr,Gamma Ltd,HR,231151,89290.65,54888.25,10831.04,10813.28,2260910,1215077.2,717100.0,665293.89
Apr,Gamma Ltd,Finance,174914,81870.07,33270.31,9614.32,5646.63,3242845,1487906.04,1369173.27,544355.12
Apr,Delta Group,Sales,228843,86507.83,64137.87,11327.1,10718.22,2217215,897156.45,769275.32,407073.34
Apr,Delta Group,Marketing,115367,56503.2,24271.2,4467.12,4539.88,2116739,824856.91,910440.05,418504.81
Apr,Delta Group,Operations,154532,54654.59,44373.06,5363.81,5763.35,4653093,1722354.56,1540404.66,773749.65
Apr,Delta Group,IT,81622,30307.53,13957.59,3309.56,2285.0,3226476,1772984.06,919785.24,1018266.56
Apr,Delta Group,HR,115737,49868.33,30744.0,5425.92,3543.42,4660149,2662856.14,1242208.08,1280689.03
Apr,Delta Group,Finance,133276,57023.35,25762.79,5894.39,5540.47,3059622,1631149.96,1345809.49,683443.37
Apr,Epsilon Inc,Sales,84853,31989.6,18885.16,3461.7,3071.28,3509090,2114082.49,1471296.76,1240059.26
Apr,Epsilon Inc,Marketing,118890,49559.15,31581.56,4073.64,2645.79,4790416,2269881.45,1872981.33,1088375.96
Apr,Epsilon Inc,Operations,190616,76109.23,52012.5,11813.74,7784.93,4837981,1700918.71,1309248.37,670806.56
Apr,Epsilon Inc,IT,149626,81160.1,40174.89,8621.81,5332.52,2699983,1652075.73,1070394.7,895372.75
Apr,Epsilon Inc,HR,212822,105308.72,52265.83,14732.19,10024.11,2775435,1155587.98,1242100.42,673959.48
Apr,Epsilon Inc,Finance,239007,117379.93,69022.17,8896.56,8852.43,3929465,1744118.41,1077084.1,905733.08
May,Alpha Corp,Sales,222194,118846.96,65693.6,15058.23,7604.91,2838003,1712351.17,890622.37,939523.66
May,Alpha Corp,Marketing,167312,80315.36,34249.53,8771.68,5760.86,2999554,1676410.63,953783.16,867425.21
May,Alpha Corp,Operations,174071,79706.81,46756.95,7441.55,6749.91,3011727,1439741.39,1280987.11,612252.65
May,Alpha Corp,IT,203618,106699.86,31192.33,13232.74,7303.39,4538911,2858501.63,1198299.47,865684.73
May,Alpha Corp,HR,125084,62972.0,26303.87,6153.51,4856.41,4706871,2031043.51,1551655.22,665186.65
May,Alpha Corp,Finance,104574,45413.5,27255.89,4136.02,2438.06,2558221,1123317.05,1075896.59,578133.09
May,Beta Holdings,Sales,246472,91661.34,51449.68,8620.97,12001.33,2591652,1518457.99,694257.44,645761.06
May,Beta Holdings,Marketing,204343,107656.02,49066.79,13517.08,10150.85,2810694,1819504.41,832905.15,1060442.71
May,Beta Holdings,Operations,249269,117542.14,56559.95,9778.02,6305.47,4573224,1856415.58,1856348.88,751918.07
May,Beta Holdings,IT,153781,83629.26,43453.57,10320.26,7665.56,2288316,979559.45,807889.01,438211.7
May,Beta Holdings,HR,192855,102114.26,42333.04,10591.11,8184.02,4944088,2609894.96,1809621.45,854599.8
May,Beta Holdings,Finance,163560,70041.95,31230.79,8025.41,3488.95,4710241,2866833.01,1940163.41,1423590.7
May,Gamma Ltd,Sales,144772,71957.84,27826.43,5806.22,2917.51,3725690,2112563.23,1300918.35,685133.54
May,Gamma Ltd,Marketing,206267,76709.41,58615.3,14368.36,4506.01,2402732,1187372.42,885362.43,649972.76
May,Gamma Ltd,Operations,212663,102593.4,49245.7,13733.72,8935.52,4366610,2665589.39,1305865.75,925498.5
May,Gamma Ltd,IT,185228,95837.46,47162.89,10596.08,7142.08,3726470,2289882.8,1648080.02,1006726.37
May,Gamma Ltd,HR,127638,44804.64,34844.16,4996.39,6032.3,2616529,1557855.48,1089592.89,704525.06
May,Gamma Ltd,Finance,244134,94876.96,39699.79,10511.76,8982.99,4617703,1976104.78,1739955.76,912951.74
May,Delta Group,Sales,212079,78765.32,56021.56,10954.02,10368.49,2323390,1086522.56,664255.96,571630.0
May,Delta Group,Marketing,224579,86406.93,59654.5,15247.1,5612.53,4046475,1498026.01,1482766.39,604850.35
May,Delta Group,Operations,100953,36841.68,28051.02,7026.93,4066.55,4773707,2744382.91,1317625.47,1447604.24
May,Delta Group,IT,137372,48688.03,27274.05,6806.2,5922.41,4912825,1721006.05,1384373.44,758209.56
May,Delta Group,HR,203395,88524.88,44280.73,7433.06,8917.71,3386652,1488475.31,1415584.75,791640.88
May,Delta Group,Finance,132307,63626.73,25269.17,9001.45,3245.72,4981467,2836352.76,2151520.02,1580438.53
May,Epsilon Inc,Sales,128901,64710.73,27887.06,5475.47,3818.34,3986062,2287007.47,1156244.29,1281723.25
May,Epsilon Inc,Marketing,162711,68941.51,45502.74,7961.19,7980.29,4474968,2732357.06,1813791.21,1451637.24
May,Epsilon Inc,Operations,165553,83141.51,40383.85,5835.71,3472.6,3887106,1576756.59,1331020.73,473609.67
May,Epsilon Inc,IT,91536,43155.68,17129.22,4790.67,2450.07,4874299,1799896.72,1785915.27,685217.12
May,Epsilon Inc,HR,134615,58779.55,40068.52,4843.88,4568.56,2160081,1067040.38,799238.85,413476.84
May,Epsilon Inc,Finance,232876,116766.79,68208.75,15442.65,9717.58,2593586,989398.73,773949.41,589680.44
Jun,Alpha Corp,Sales,249631,88287.88,55506.32,9589.32,7583.91,3778599,1333585.68,1191363.02,607199.56
Jun,Alpha Corp,Marketing,238496,125569.74,38726.09,15020.61,7329.95,2678758,1098981.17,1041069.26,600518.72
Jun,Alpha Corp,Operations,89078,43120.62,26076.03,3114.95,4176.57,2215048,1397393.32,576785.78,646139.16
Jun,Alpha Corp,IT,144881,77806.94,42320.11,7970.22,6302.71,3597690,1782006.14,1374907.69,830237.43
Jun,Alpha Corp,HR,91653,47060.11,19966.4,5109.02,3280.45,2619369,1261441.39,1034559.89,602948.29
Jun,Alpha Corp,Finance,190091,72597.45,53371.38,7369.55,9366.92,2594604,1049868.56,1058441.98,522427.54
Jun,Beta Holdings,Sales,194994,74552.94,29859.27,10945.11,5843.86,4089271,2627102.87,1554189.34,945396.43
Jun,Beta Holdings,Marketing,96309,34298.57,18168.93,4671.46,4434.85,4605214,2186427.63,1930731.63,1068352.92
Jun,Beta Holdings,Operations,105963,53357.12,23918.68,5481.68,3753.2,2720488,1310145.2,1074732.95,584325.65
Jun,Beta Holdings,IT,123585,58028.68,33237.37,6945.52,6150.08,4797753,2992401.74,1401579.28,1456970.41
Jun,Beta Holdings,HR,206503,106803.27,38279.22,12604.94,6640.99,3257949,1315901.67,969268.06,778248.63
Jun,Beta Holdings,Finance,113142,48945.93,18144.57,5372.73,2593.42,2622605,1322960.52,844076.7,632223.33
Jun,Gamma Ltd,Sales,125893,60482.1,24778.54,5786.27,5758.29,3036548,1359028.37,1228874.65,461066.82
Jun,Gamma Ltd,Marketing,223660,88883.73,41422.08,14615.82,7439.1,3042377,1474437.12,1167901.84,506803.8
Jun,Gamma Ltd,Operations,217348,86883.31,52722.48,12665.1,5436.15,4693075,2176683.74,1741635.95,885952.98
Jun,Gamma Ltd,IT,95563,42518.48,26435.17,5946.58,3589.41,2460494,1273163.12,880810.52,395006.92
Jun,Gamma Ltd,HR,161537,60510.82,29830.98,5180.15,6332.26,2394274,1162802.41,1045759.03,459128.85
Jun,Gamma Ltd,Finance,220272,102852.52,55779.74,10109.42,7576.68,3807610,1338306.36,1676728.11,658093.39
Jun,Delta Group,Sales,226470,99861.49,51485.55,11222.46,9060.14,2012115,780142.16,556436.18,267637.68
Jun,Delta Group,Marketing,81969,31998.3,20575.44,5639.18,1870.29,3678687,1546403.72,1628442.04,582363.21
Jun,Delta Group,Operations,128320,66421.39,37429.93,7356.58,4480.32,4833552,2896569.63,2044214.35,1536791.85
Jun,Delta Group,IT,130138,69778.66,32980.74,7425.74,3444.79,4930639,2948776.86,1890378.9,1395230.2
Jun,Delta Group,HR,88125,42438.27,26429.75,2813.7,4345.9,4825896,3127185.83,1932701.63,1023041.67
Jun,Delta Group,Finance,236995,113781.85,62751.21,15885.06,7855.24,2036321,1178389.52,834001.19,507502.9
Jun,Epsilon Inc,Sales,183754,78120.16,35745.74,10283.42,5485.32,3399872,1563731.89,1119355.29,795376.84
Jun,Epsilon Inc,Marketing,115643,53161.08,27693.36,5993.48,3854.68,2079973,773664.21,771024.61,387190.96
Jun,Epsilon Inc,Operations,105537,46721.1,21842.77,6810.66,3754.21,4861509,3034898.87,2006603.68,1009636.51
Jun,Epsilon Inc,IT,101636,43679.55,24090.36,5218.41,3886.27,3008559,1548879.2,1201543.68,797126.45
Jun,Epsilon Inc,HR,104596,40704.12,15808.06,5846.81,4909.83,3366808,1839650.57,1097629.58,660703.58
Jun,Epsilon Inc,Finance,248722,92097.82,55435.35,10016.3,7100.06,4788890,3011645.59,1707009.62,1428362.11
Jul,Alpha Corp,Sales,194793,91955.3,50144.12,7968.0,6312.55,2086365,843610.85,805803.34,299002.26
Jul,Alpha Corp,Marketing,152588,59038.9,29646.59,9420.22,3899.67,2155683,1029033.02,576446.43,560539.59
Jul,Alpha Corp,Operations,232747,83482.28,57016.66,15839.86,8855.64,4262292,2622426.04,1260001.52,953549.39
Jul,Alpha Corp,IT,161929,62335.33,33052.28,10725.47,6978.87,4329753,1847477.46,1344007.72,959926.05
Jul,Alpha Corp,HR,247523,107610.04,61913.54,8371.58,9583.05,4558944,2175452.6,1279224.92,806158.94
Jul,Alpha Corp,Finance,97633,43405.52,22485.24,3625.88,2867.3,4786267,1971252.06,1807256.89,743290.46
Jul,Beta Holdings,Sales,87421,33076.16,16713.24,4710.41,3520.9,3435177,1643594.39,1351809.32,834503.57
Jul,Beta Holdings,Marketing,189847,71321.5,31441.79,11195.95,7091.09,2694892,1007420.19,719890.95,572473.84
Jul,Beta Holdings,Operations,225282,96924.78,46192.59,9854.38,8676.66,2116492,1070347.97,557743.29,578102.38
Jul,Beta Holdings,IT,116378,55632.6,22190.04,6250.95,4702.13,3548075,1587054.39,1123321.9,794869.98
Jul,Beta Holdings,HR,230273,97310.8,68925.79,11019.51,6909.82,3704597,1921533.88,1635672.4,677515.33
Jul,Beta Holdings,Finance,90526,45350.59,15893.8,4198.52,2958.45,4222134,2435533.77,1349032.21,1216484.62
Jul,Gamma Ltd,Sales,221826,118773.53,41081.36,10197.93,5450.82,3271300,1868416.3,1320689.11,697100.54
Jul,Gamma Ltd,Marketing,178452,65774.88,33648.39,10977.67,8198.19,2377844,1421523.39,966369.16,728706.17
Jul,Gamma Ltd,Operations,198413,74113.17,36528.55,8664.1,6235.58,4657025,2938989.55,1680070.43,1151076.69
Jul,Gamma Ltd,IT,118067,47928.2,34399.77,7666.5,2934.31,2614805,1305020.53,1172561.2,724844.27
Jul,Gamma Ltd,HR,141929,63900.78,29745.03,7322.02,5512.31,4043037,2479967.75,1712676.31,1343591.02
Jul,Gamma Ltd,Finance,111750,45922.08,18118.91,5153.82,2816.74,4642049,1936125.9,2049300.2,913681.88
Jul,Delta Group,Sales,216728,100785.6,48092.63,9221.58,8277.09,4259776,2265672.11,1716527.69,798539.73
Jul,Delta Group,Marketing,91138,49265.51,24951.77,5163.18,2155.67,4984852,1783298.76,1380969.79,1050246.22
Jul,Delta Group,Operations,208955,105594.31,35168.23,11235.85,10049.37,2552467,1229915.17,692057.87,605423.15
Jul,Delta Group,IT,229340,81080.3,55129.43,10226.71,7245.73,4096594,1669504.36,1197643.64,743564.65
Jul,Delta Group,HR,199863,81838.1,42880.72,7360.27,4444.73,4016411,1771167.14,1085271.05,899130.17
Jul,Delta Group,Finance,234363,110996.74,57413.88,9176.67,6322.97,2427387,1072604.27,909734.08,491373.36
Jul,Epsilon Inc,Sales,137009,51534.85,38772.26,6575.25,3540.13,4456070,2262130.11,1543257.22,798681.56
Jul,Epsilon Inc,Marketing,156373,84873.71,29286.64,5528.12,5091.1,3282789,1404849.73,1319871.46,479240.48
Jul,Epsilon Inc,Operations,216614,102629.47,43003.31,13727.29,8421.73,4637492,2738258.78,2049378.8,1222238.82
Jul,Epsilon Inc,IT,221706,97744.74,61335.75,7521.0,7681.5,4725571,2879754.07,1411507.24,1426956.14
Jul,Epsilon Inc,HR,152930,65022.42,31988.59,7398.43,6660.18,4075020,1589027.57,1102007.28,790712.26
Jul,Epsilon Inc,Finance,170536,83157.95,36774.46,6853.3,7712.69,3462073,1474557.58,1406412.06,807378.75
Aug,Alpha Corp,Sales,207734,100100.95,59052.06,11522.34,7980.73,3055675,1482570.42,1303220.6,491780.53
Aug,Alpha Corp,Marketing,143936,63138.19,22623.09,4536.99,6100.9,3600946,1337308.59,908956.89,784933.84
Aug,Alpha Corp,Operations,168340,71968.56,36915.62,11727.16,8269.28,3021318,1767932.7,969747.22,748965.73
Aug,Alpha Corp,IT,184797,95375.01,29624.24,8680.26,4153.96,2039279,1305868.64,630318.62,693111.91
Aug,Alpha Corp,HR,207896,113344.52,51995.32,6323.6,5750.9,2943693,1091451.57,1301010.17,484033.22
Aug,Alpha Corp,Finance,86910,47252.77,23448.94,3625.27,4293.28,3370485,1671102.14,1462990.82,762407.67
Aug,Beta Holdings,Sales,175457,65905.01,35221.26,11777.26,4691.45,2415384,1117834.56,869582.65,465685.23
Aug,Beta Holdings,Marketing,172949,70002.54,50025.09,9864.89,6032.71,2084080,1133204.42,640190.52,617351.73
Aug,Beta Holdings,Operations,156272,62772.33,36192.98,8664.16,4161.82,2866183,1646500.53,1036304.71,583154.89
Aug,Beta Holdings,IT,188255,72569.62,43628.86,13062.41,9059.14,2880412,1637180.53,782287.47,827741.13
Aug,Beta Holdings,HR,135731,69705.61,24706.67,6818.33,6137.9,3630668,1721027.16,1458210.61,900143.91
Aug,Beta Holdings,Finance,88706,36325.97,20824.03,5105.51,4098.19,4358638,2672461.98,1467815.38,930696.78
Aug,Gamma Ltd,Sales,233728,116476.58,65962.16,9609.98,6034.53,3143657,1720423.17,981405.03,899272.79
Aug,Gamma Ltd,Marketing,160102,75727.55,40535.04,7206.25,5789.43,3489493,2109099.6,1458582.94,1159591.69
Aug,Gamma Ltd,Operations,195725,97844.71,51632.54,11182.78,8355.1,2745182,1212495.46,1167608.68,726163.89
Aug,Gamma Ltd,IT,180483,77079.81,44489.92,11048.45,4785.74,2547993,1191078.97,847269.76,605884.54
Aug,Gamma Ltd,HR,160073,75861.45,32546.67,9887.37,3648.02,3338486,2044084.01,1175220.33,1056835.23
Aug,Gamma Ltd,Finance,128868,60052.07,30183.81,6756.09,4910.47,4949281,2622181.98,1833357.85,804694.8
Aug,Delta Group,Sales,189458,85190.01,30608.6,6127.46,5688.88,4250041,2389816.25,1732839.44,1087798.27
Aug,Delta Group,Marketing,137775,58512.01,23195.32,8186.62,3730.36,3409854,1419125.26,1260435.68,738937.01
Aug,Delta Group,Operations,227256,121950.72,55992.42,10646.93,8882.37,4127599,1665386.06,1598133.09,994798.26
Aug,Delta Group,IT,196859,84012.84,46415.58,10534.08,5026.65,2663689,1199601.36,679878.23,368586.55
Aug,Delta Group,HR,217469,101622.35,55378.61,14610.58,9455.0,4027410,1722881.81,1352933.33,967947.86
Aug,Delta Group,Finance,142812,63172.4,31723.67,6770.32,6872.2,4866757,2624891.2,1265203.06,1499269.6
Aug,Epsilon Inc,Sales,197666,86453.21,51279.75,11982.61,4895.64,4104683,1603314.73,1643002.06,796986.18
Aug,Epsilon Inc,Marketing,125603,44297.73,24167.51,3992.14,2648.8,3414022,1447865.02,1472300.12,542752.27
Aug,Epsilon Inc,Operations,243663,103371.94,52225.03,15543.65,6833.33,2566088,1273475.98,658773.09,405979.0
Aug,Epsilon Inc,IT,98681,45629.95,19922.52,4204.56,4258.65,4092101,2536898.03,1040885.96,1266259.43
Aug,Epsilon Inc,HR,146707,55102.8,41418.37,6710.07,6577.76,4592631,1965863.47,1819435.95,1168487.87
Aug,Epsilon Inc,Finance,108228,52039.8,19450.16,5694.22,3670.87,3398616,2155099.1,1507188.44,764854.66
Sep,Alpha Corp,Sales,86304,32817.04,15862.46,3455.5,3928.43,4903030,2517861.13,2187258.18,927134.0
Sep,Alpha Corp,Marketing,234553,107544.7,63037.29,12185.86,9003.79,4409965,2149814.69,1529989.98,751859.77
Sep,Alpha Corp,Operations,163457,78923.18,29816.77,5541.6,7496.07,2864690,1562092.65,1028671.14,497810.7
Sep,Alpha Corp,IT,110651,46605.61,32831.18,6833.76,3863.68,2280852,910999.44,720847.34,480119.89
Sep,Alpha Corp,HR,242005,85570.34,40883.86,13645.49,6013.48,4622221,1948908.01,1572700.84,1160568.67
Sep,Alpha Corp,Finance,109118,50249.14,17908.75,4773.53,3106.91,2443945,1220368.67,662540.63,606564.76
Sep,Beta Holdings,Sales,168664,72437.19,27662.78,8035.64,4363.05,2858379,1449194.98,878744.57,779458.69
Sep,Beta Holdings,Marketing,155939,63200.26,30696.96,8686.89,4034.96,4033901,2056921.05,1135910.07,1046499.18
Sep,Beta Holdings,Operations,160257,66242.61,44643.9,10616.34,4536.42,2528423,1269559.95,934562.1,393582.73
Sep,Beta Holdings,IT,113380,56296.24,30959.16,4821.65,4983.94,3959669,2403765.3,1083083.5,1254571.02
Sep,Beta Holdings,HR,190454,103497.53,40502.74,13210.73,7625.32,2033691,1249862.41,682299.14,435789.55
Sep,Beta Holdings,Finance,227226,110743.64,37254.74,7083.67,10154.45,3310077,1534909.64,1471963.03,615578.81
Sep,Gamma Ltd,Sales,220659,117752.82,36764.5,13324.12,10953.95,3493934,1905942.31,1092945.04,717199.6
Sep,Gamma Ltd,Marketing,89346,46992.81,20443.73,3553.61,2089.65,3139929,1193773.51,935619.79,408976.77
Sep,Gamma Ltd,Operations,224302,87085.72,54296.03,10636.45,8370.39,4693956,2778159.0,1965582.18,1045122.47
Sep,Gamma Ltd,IT,238588,115771.37,47423.09,13707.62,5270.23,2329638,932180.43,887723.66,556999.04
Sep,Gamma Ltd,HR,247670,100518.16,61033.88,14306.91,8762.48,4676517,2142374.85,1233202.59,1133201.87
Sep,Gamma Ltd,Finance,189869,95285.71,54215.42,7463.85,8396.36,4148091,2279357.22,1252961.46,1304153.63
Sep,Delta Group,Sales,152954,53539.66,26822.34,6973.23,4800.47,2721037,1658115.82,977749.26,686659.2
Sep,Delta Group,Marketing,92109,41063.48,14065.05,4316.02,1917.27,3817189,1656702.77,1609587.73,642246.46
Sep,Delta Group,Operations,95282,49090.03,24287.13,6057.88,4712.07,3076941,1747706.48,956775.48,959173.47
Sep,Delta Group,IT,196219,93599.96,42672.99,7601.08,4632.22,4664912,1971243.23,1177800.75,868589.67
Sep,Delta Group,HR,126733,59522.88,24660.43,5322.38,5360.27,3251011,1200752.4,1383135.77,676237.97
Sep,Delta Group,Finance,186108,87218.46,52825.89,6962.9,4163.06,3083868,1854779.01,946926.55,795245.36
Sep,Epsilon Inc,Sales,146314,80339.19,40727.15,7441.21,3205.63,3369363,1401882.74,1171443.03,730759.03
Sep,Epsilon Inc,Marketing,218440,116193.78,54693.02,13799.18,10128.92,4075712,1457240.61,1585004.01,473110.83
Sep,Epsilon Inc,Operations,217653,95096.77,57913.53,11770.01,10180.87,2088668,837920.49,918223.7,363300.4
Sep,Epsilon Inc,IT,158002,62803.69,35843.48,5398.77,4982.65,3556396,2280467.32,1075934.72,869931.3
Sep,Epsilon Inc,HR,91190,49859.78,17357.45,4220.17,4262.62,4254736,1539915.7,1577717.1,881161.4
Sep,Epsilon Inc,Finance,192082,77862.91,56804.39,8308.29,6619.38,2073869,1105857.51,634887.29,400428.54
Oct,Alpha Corp,Sales,217868,99653.15,60593.54,6967.39,9803.95,2749971,1051610.16,873864.14,568685.22
Oct,Alpha Corp,Marketing,196656,77423.85,41203.27,6248.84,5572.18,3185111,1198008.89,1189362.82,400316.49
Oct,Alpha Corp,Operations,115634,60820.31,27314.71,3606.25,4655.73,4702994,2281794.42,2049966.13,797626.76
Oct,Alpha Corp,IT,141035,69949.42,39819.65,8016.11,3913.04,4354476,2462581.45,1919481.87,1271721.48
Oct,Alpha Corp,HR,193816,92504.55,30559.03,7811.62,4222.43,3201838,1957857.72,964838.17,978121.5
Oct,Alpha Corp,Finance,83744,36951.81,17197.5,2917.72,2727.41,2865363,1776801.22,947999.46,704189.55
Oct,Beta Holdings,Sales,225448,121368.84,56426.45,12883.63,6956.78,2255948,796438.43,850986.92,457144.57
Oct,Beta Holdings,Marketing,185848,70782.87,32667.85,10317.37,7848.26,4983516,1843567.79,1778086.09,631682.16
Oct,Beta Holdings,Operations,239741,109441.42,52102.42,8001.52,7667.17,3741373,1936507.42,1192126.66,1004567.19
Oct,Beta Holdings,IT,118392,43032.76,24638.43,7585.81,3802.39,4002348,1731473.19,1245781.64,929273.95
Oct,Beta Holdings,HR,116027,45860.35,24091.38,5569.87,4336.86,4413608,2115422.75,1384872.63,1004105.76
Oct,Beta Holdings,Finance,155769,66047.69,24006.04,7121.6,5572.54,4530971,2171054.63,1261960.74,1231051.18
Oct,Gamma Ltd,Sales,197961,94855.88,48606.42,8635.88,4385.1,3929341,2077822.37,1061912.2,1151408.32
Oct,Gamma Ltd,Marketing,159239,67345.16,29090.4,11070.52,5353.62,3578608,1403407.99,1242199.04,432615.97
Oct,Gamma Ltd,Operations,178746,81576.55,30452.66,6072.37,4694.93,3251775,1542138.25,1070116.4,607543.68
Oct,Gamma Ltd,IT,200956,88763.19,38862.22,13263.76,4719.28,4105188,2020581.45,1390942.55,1209231.91
Oct,Gamma Ltd,HR,217416,118883.64,42017.99,14881.13,6888.71,2167647,980028.18,776627.87,339328.4
Oct,Gamma Ltd,Finance,82352,37589.69,14432.23,3283.89,3718.73,4471465,2674135.02,1751932.26,944374.2
Oct,Delta Group,Sales,80340,33621.45,15307.75,5515.88,2950.99,4565618,1824295.92,1673741.34,1094420.92
Oct,Delta Group,Marketing,117772,55970.77,26302.57,5425.89,5866.87,3855227,1696865.89,1215031.17,912500.52
Oct,Delta Group,Operations,164754,64297.3,34478.18,5202.66,5645.52,2239779,1393328.09,619241.72,665877.55
Oct,Delta Group,IT,235914,99247.17,51610.9,7435.84,9997.04,4123238,1597533.08,1685753.42,611424.27
Oct,Delta Group,HR,146093,52139.46,43161.89,9929.14,5169.8,2038635,1175041.42,710232.34,459128.92
Oct,Delta Group,Finance,183651,74774.74,33145.97,11105.73,5802.68,4290378,2684148.06,1383447.91,1389623.55
Oct,Epsilon Inc,Sales,193613,85421.25,41920.77,10471.5,7307.38,3199151,2075727.17,837839.46,624690.83
Oct,Epsilon Inc,Marketing,82384,42789.74,23394.05,2677.34,3831.18,2330170,837083.32,1035309.93,306559.7
Oct,Epsilon Inc,Operations,170102,60186.04,37682.1,9782.38,7090.06,2642613,1342890.98,994967.11,662503.29
Oct,Epsilon Inc,IT,228683,116831.27,43864.6,8787.88,11142.22,2318766,1500621.44,672744.05,897963.75
Oct,Epsilon Inc,HR,206439,84417.84,31409.13,12286.17,9294.78,3038336,1126338.08,763026.93,654545.82
Oct,Epsilon Inc,Finance,196923,94859.4,52168.33,12570.95,7563.44,4846230,2405127.46,1286818.81,1015596.12
Nov,Alpha Corp,Sales,88605,31445.89,17359.54,4604.38,3452.29,3814188,2133377.88,958191.73,704617.08
Nov,Alpha Corp,Marketing,102031,49622.75,17033.03,6497.64,2782.07,3809595,1499300.22,1493445.09,749734.56
Nov,Alpha Corp,Operations,180859,94531.41,38015.82,7541.93,4443.69,4332214,2693914.93,1361611.14,1193218.69
Nov,Alpha Corp,IT,147904,68005.68,27050.32,4636.31,3910.41,2454418,1336050.74,673944.25,757003.31
Nov,Alpha Corp,HR,218262,114235.43,47601.2,13719.36,7997.06,3598099,1996171.95,1073623.58,1026403.25
Nov,Alpha Corp,Finance,187507,76997.65,36281.76,9850.03,4424.9,2336907,1166136.75,717091.17,396659.68
Nov,Beta Holdings,Sales,126154,51005.25,26538.64,4303.1,3238.52,2837393,1228168.02,1110542.28,391548.42
Nov,Beta Holdings,Marketing,233512,97625.33,67967.7,7777.96,11191.44,4331256,1984019.2,1317042.51,1096792.74
Nov,Beta Holdings,Operations,216643,110008.39,61479.13,10258.63,10246.84,3567343,2250623.66,1373526.98,753524.12
Nov,Beta Holdings,IT,142368,76314.12,39384.3,8119.8,3441.53,3396436,1915297.18,1301776.08,1129669.57
Nov,Beta Holdings,HR,178826,96593.68,45668.78,7496.76,4141.78,4464722,2412297.88,2008648.29,799537.85
Nov,Beta Holdings,Finance,233077,126178.56,52456.35,11026.68,7861.92,4727679,2177626.39,1531591.42,687490.82
Nov,Gamma Ltd,Sales,82257,37872.26,17468.89,4835.57,2561.06,4673829,2298049.47,1991197.67,838149.67
Nov,Gamma Ltd,Marketing,156396,78323.84,24302.5,7161.27,7495.16,3358097,1917906.46,1494079.02,605405.57
Nov,Gamma Ltd,Operations,96923,47748.28,17434.73,6358.98,2774.16,4570466,2514030.52,1895198.05,1344012.28
Nov,Gamma Ltd,IT,142507,52723.79,36083.72,5654.04,6745.15,3609473,1284244.32,992149.13,544638.77
Nov,Gamma Ltd,HR,104472,51947.67,20845.97,6920.5,2925.24,3061404,1497726.23,1355283.09,682528.35
Nov,Gamma Ltd,Finance,231379,102034.39,43982.35,8975.7,5540.5,4938827,1914610.69,1251447.07,1016749.15
Nov,Delta Group,Sales,194397,82336.21,34458.98,9218.37,5824.71,2029336,1180956.99,717557.19,477612.87
Nov,Delta Group,Marketing,231165,107290.59,54373.22,13065.51,8426.3,3498339,2113410.43,891093.39,1203731.33
Nov,Delta Group,Operations,107606,54456.73,23533.36,4941.29,3129.99,3138882,1767318.1,1373184.56,850057.99
Nov,Delta Group,IT,132428,66146.31,29276.05,4279.25,6453.71,3466760,1462097.83,1234677.81,724158.34
Nov,Delta Group,HR,141215,51560.56,28928.19,5509.54,3653.94,2764265,1710589.47,1159440.24,674903.0
Nov,Delta Group,Finance,186956,95763.49,45877.73,8511.48,7520.1,2598506,1540805.07,1141988.95,618174.14
Nov,Epsilon Inc,Sales,103989,46170.87,29483.08,6063.48,2273.83,2124932,1060752.74,629086.51,332407.18
Nov,Epsilon Inc,Marketing,238117,108565.15,44357.39,11911.6,9617.21,2289220,1227645.91,997486.54,648511.69
Nov,Epsilon Inc,Operations,111433,43020.0,24380.39,5842.99,5116.87,2863659,1773470.9,1102135.85,604930.42
Nov,Epsilon Inc,IT,127153,66215.81,23688.17,8700.45,3294.25,3107810,1552260.35,1029725.65,909478.66
Nov,Epsilon Inc,HR,156221,72472.16,29515.03,7417.35,5906.22,2385893,1280515.88,1064670.32,457185.52
Nov,Epsilon Inc,Finance,105372,56013.62,30721.76,7208.02,3755.86,3098657,1788523.32,874857.12,792441.09
Dec,Alpha Corp,Sales,116191,47870.69,21472.79,5615.44,5047.39,2888403,1500599.28,1167854.65,674772.53
Dec,Alpha Corp,Marketing,157960,81678.2,42280.07,7120.75,5774.97,2281854,1232906.5,671812.44,488848.65
Dec,Alpha Corp,Operations,164289,74412.52,44561.96,6596.67,4497.28,3806684,1881518.45,1456006.39,631345.0
Dec,Alpha Corp,IT,103816,39529.13,30990.42,7079.62,3616.98,2107096,1218538.63,683425.66,509029.23
Dec,Alpha Corp,HR,188125,100399.54,55052.77,9986.6,5778.0,3888529,2518727.34,1272578.02,1189223.1
Dec,Alpha Corp,Finance,146641,70582.16,27284.0,5523.05,6972.36,3035891,1087625.42,1268890.82,571581.59
Dec,Beta Holdings,Sales,114681,62072.7,19751.13,6557.69,3067.34,4437828,2510692.18,1609444.57,1075205.3
Dec,Beta Holdings,Marketing,188946,71565.73,40531.83,12498.84,8573.52,4367108,2078020.21,1773365.09,920356.65
Dec,Beta Holdings,Operations,127857,49983.91,30515.57,4787.66,3828.93,4310758,1551195.6,1626054.53,634914.09
Dec,Beta Holdings,IT,143353,77146.41,32403.23,6648.21,6354.32,2686268,1525866.76,1087350.9,619167.4
Dec,Beta Holdings,HR,164995,62750.74,46426.7,8507.77,4698.1,3818902,2403246.45,1253992.96,1115130.76
Dec,Beta Holdings,Finance,248616,87016.18,52827.14,12654.66,5379.81,3812105,1563603.77,1108238.68,473814.44
Dec,Gamma Ltd,Sales,118402,62344.2,18682.08,4457.21,3469.48,3200114,1756587.88,1274859.06,974076.49
Dec,Gamma Ltd,Marketing,173526,81891.47,49351.86,10883.74,4786.61,3531064,1628817.33,1519727.71,882832.12
Dec,Gamma Ltd,Operations,206479,103414.94,43149.83,11072.54,8224.15,3420858,1622652.91,1370963.37,496858.61
Dec,Gamma Ltd,IT,241953,122458.79,57479.79,16474.31,5146.99,4910712,2251625.67,2159936.04,1102503.67
Dec,Gamma Ltd,HR,222228,102673.41,59359.27,12964.69,5591.85,3321448,1609720.16,936000.66,569935.47
Dec,Gamma Ltd,Finance,206374,91288.14,59466.5,11925.08,8640.76,3558141,1613194.33,911494.6,509073.46
Dec,Delta Group,Sales,164040,68743.98,32864.03,11341.89,7495.99,2303664,1308750.75,834881.37,764476.91
Dec,Delta Group,Marketing,223184,95099.49,38935.63,13714.26,9381.16,4430865,1572153.14,1800855.3,530310.6
Dec,Delta Group,Operations,84173,41307.05,24876.37,3998.76,2276.81,2478108,1474817.34,890349.67,870305.32
Dec,Delta Group,IT,221650,96621.49,43515.47,10925.26,5220.91,4473199,2639192.08,1612773.5,1105732.03
Dec,Delta Group,HR,84986,44691.44,23058.27,4851.52,3293.28,2615937,1599447.21,1005933.98,862109.12
Dec,Delta Group,Finance,207426,107889.74,61664.82,11433.27,5688.72,2334971,948171.79,592987.21,395581.66
Dec,Epsilon Inc,Sales,172036,72356.91,41838.1,7459.82,7222.24,2990029,1589653.19,895293.35,646601.65
Dec,Epsilon Inc,Marketing,198639,82771.39,49983.76,6532.13,5196.8,4498214,2848874.45,1701885.23,1428550.27
Dec,Epsilon Inc,Operations,161486,60272.74,43140.89,9916.98,6141.81,2547219,1103852.21,777573.81,474221.18
Dec,Epsilon Inc,IT,174776,61572.91,38016.83,12074.25,4036.21,2095556,1348882.68,756703.35,481476.38
Dec,Epsilon Inc,HR,208467,90588.44,42105.88,9569.57,5822.13,3094409,1562790.98,1231674.65,764533.2
Dec,Epsilon Inc,Finance,156361,76297.25,26830.19,8414.47,3934.56,3079525,1140964.73,1034951.21,580453.53
